customer_id_old,source_id_old,customer_id_new,source_id_new
cus_TyWBgfPY5uvPXZ,,cus_TyWBgfPY5uvPXZ,
cus_TU5DXm91s0MfMj,,cus_TU5DXm91s0MfMj,
cus_U2Fc3ZZ1X91Hzx,,cus_U2Fc3ZZ1X91Hzx,
cus_U7rDQssJmE7fc5,,cus_U7rDQssJmE7fc5,
cus_Txhi73PUIpT4O0,,cus_Txhi73PUIpT4O0,
cus_TeE3lDjEPEucpo,,cus_TeE3lDjEPEucpo,
cus_TW52VpBckBxYHM,,cus_TW52VpBckBxYHM,
cus_TTohPirPBKHqFq,,cus_TTohPirPBKHqFq,
cus_U8CLiSiysk2Js6,,cus_U8CLiSiysk2Js6,
cus_TOzLxHucmbWAFi,,cus_TOzLxHucmbWAFi,
cus_TnZs8RvtZ8gEkH,card_1SpyiWG169MUOFIq0uP88wxc,cus_TnZs8RvtZ8gEkH,card_1TGpqxLfpHJZVq4IEEUxB399
cus_TRQHyAzILTeGQG,pm_1SUXRdG169MUOFIqIr1ocIXO,cus_TRQHyAzILTeGQG,pm_1TGpqwLfpHJZVq4IFfWSf8dT
cus_UA1L5exc3V4ERL,card_1TBhJFG169MUOFIqL6oskADy,cus_UA1L5exc3V4ERL,card_1TGpqwLfpHJZVq4ImAmum5Ru
cus_U6xQpUBClmqAbo,pm_1T8jXFG169MUOFIq1T4FLMlk,cus_U6xQpUBClmqAbo,pm_1TGpqvLfpHJZVq4IuqnDCN15
cus_U6xQpUBClmqAbo,pm_1T8jsXG169MUOFIqeQ6eZbcF,cus_U6xQpUBClmqAbo,pm_1TGpqvLfpHJZVq4IZUmoHzp4
cus_U6xQpUBClmqAbo,pm_1T8jtnG169MUOFIqlGklu2IB,cus_U6xQpUBClmqAbo,pm_1TGpqvLfpHJZVq4IhFFXSApR
cus_TnCHZKJaHnr9cA,card_1T6cONG169MUOFIq7rx0oMPn,cus_TnCHZKJaHnr9cA,card_1TGpquLfpHJZVq4IEblXNWPE
cus_TjrA22o7XJjxys,pm_1SmNSRG169MUOFIqLB9bscvJ,cus_TjrA22o7XJjxys,pm_1TGpqtLfpHJZVq4Ijiq5jd6P
cus_Ta6HYh9HT3Eze5,pm_1Scw59G169MUOFIqdptI25p1,cus_Ta6HYh9HT3Eze5,pm_1TGpqtLfpHJZVq4IYm56JGrL
cus_TswlBwFhxcPBlb,pm_1T0fNoG169MUOFIqB7PcfQhR,cus_TswlBwFhxcPBlb,pm_1TGpqsLfpHJZVq4IXV9nqI4o
cus_TQPjNSNSrBXkUp,card_1T0anIG169MUOFIqPkPoUvH4,cus_TQPjNSNSrBXkUp,card_1TGpqrLfpHJZVq4Isqo9KxIZ
cus_TrdqdbyrlM7sBs,pm_1StuZBG169MUOFIqGf8u4bY2,cus_TrdqdbyrlM7sBs,pm_1TGpqrLfpHJZVq4IxIuJczyF
cus_Tig4Cgc3SIheB7,card_1SlEijG169MUOFIqyVanMoy5,cus_Tig4Cgc3SIheB7,card_1TGpqqLfpHJZVq4I0oZsn2Lz
cus_TdUEwxpxXr4Jv6,card_1SgDG1G169MUOFIqZkpdXf7f,cus_TdUEwxpxXr4Jv6,card_1TGpqpLfpHJZVq4IbT1OgYgP
cus_TPG0miRE0tOgN7,pm_1SSRULG169MUOFIq6gXWZufU,cus_TPG0miRE0tOgN7,pm_1TGpqpLfpHJZVq4IsXQo3Aqx
cus_U5VOJDlnezcOxm,pm_1T7KNvG169MUOFIquf9QB4XP,cus_U5VOJDlnezcOxm,pm_1TGpqoLfpHJZVq4Iw6R2Vn30
cus_U5VOJDlnezcOxm,pm_1T7KlmG169MUOFIqg1j4LHP1,cus_U5VOJDlnezcOxm,pm_1TGpqoLfpHJZVq4Ify8tFl7q
cus_U5VOJDlnezcOxm,pm_1T7KoLG169MUOFIqoGZJP8TW,cus_U5VOJDlnezcOxm,pm_1TGpqoLfpHJZVq4IvxLk1Pqy
cus_TqrXDVOi9Pmj55,pm_1St9p8G169MUOFIq97cEujle,cus_TqrXDVOi9Pmj55,pm_1TGpqnLfpHJZVq4Ip8QSrXgZ
cus_TKn6efwcnRCOwC,card_1SO7VnG169MUOFIqlEz5Br7U,cus_TKn6efwcnRCOwC,card_1TGpqmLfpHJZVq4I5Ga3JaNd
cus_TuJkpjQYOjk7HF,card_1SwV6vG169MUOFIqVQgN7pA7,cus_TuJkpjQYOjk7HF,card_1TGpqlLfpHJZVq4IXgAMvqO5
cus_TldrLSMPTwGqxP,pm_1So6ZsG169MUOFIqRcXqsqkv,cus_TldrLSMPTwGqxP,pm_1TGpqkLfpHJZVq4IcgRxD3vV
cus_TMhlAeIpx1AHhE,card_1ScgvtG169MUOFIqeUwAtItV,cus_TMhlAeIpx1AHhE,card_1TGpqkLfpHJZVq4IeYKALOKB
cus_TQ0BUvQ5r6vYu3,card_1STABZG169MUOFIqg43kYsYj,cus_TQ0BUvQ5r6vYu3,card_1TGpqjLfpHJZVq4Iwipsf8in
cus_TJcVaswbqpdbLc,pm_1SMzPWG169MUOFIqLO99D42p,cus_TJcVaswbqpdbLc,pm_1TGpqiLfpHJZVq4IUobjm9KR
cus_TVg8Xz87ip5RWq,card_1TAgbsG169MUOFIqJScz5ZK4,cus_TVg8Xz87ip5RWq,card_1TGpqhLfpHJZVq4IQoHchtMc
cus_To1QDrZi8d8B4q,card_1SqPNvG169MUOFIqPm0243FE,cus_To1QDrZi8d8B4q,card_1TGpqhLfpHJZVq4I0Ecz1pgg
cus_TJZwWARhCpbTSB,pm_1SMws2G169MUOFIqkuVzqG95,cus_TJZwWARhCpbTSB,pm_1TGpqgLfpHJZVq4INFmOGM7H
cus_TtHXrvMhcYQGSm,pm_1SvUzbG169MUOFIqNXsjgAJv,cus_TtHXrvMhcYQGSm,pm_1TGpqfLfpHJZVq4IA9sDk4e3
cus_To57XnCPyCfqDp,pm_1SqSxvG169MUOFIqk79NixSl,cus_To57XnCPyCfqDp,pm_1TGpqeLfpHJZVq4IYqkx4Sxe
cus_TiiLosUsFl68lr,card_1SlGvAG169MUOFIqDGgDgBYj,cus_TiiLosUsFl68lr,card_1TGpqdLfpHJZVq4IUuysjy5k
cus_TaOjbLOCW3fpwA,pm_1SdDx0G169MUOFIqrKMjdvfw,cus_TaOjbLOCW3fpwA,pm_1TGpqdLfpHJZVq4IKDigN4PQ
cus_TPYr9ib108RdS9,pm_1SSjkFG169MUOFIqvzPZT0co,cus_TPYr9ib108RdS9,pm_1TGpqcLfpHJZVq4IKXwNMW3K
cus_U7Ng6J7wVrSjVl,pm_1T98vnG169MUOFIqed2zOcKa,cus_U7Ng6J7wVrSjVl,pm_1TGpqbLfpHJZVq4IfJTymRT8
cus_TyPtDz1mbjtnnN,card_1T33nUG169MUOFIqJYRZAA9u,cus_TyPtDz1mbjtnnN,card_1TGpqaLfpHJZVq4I9CrJQ4fJ
cus_TtCZUT3wFkyHSb,pm_1SvQBGG169MUOFIqmBnV3OML,cus_TtCZUT3wFkyHSb,pm_1TGpqaLfpHJZVq4ILJJKJWLD
cus_TfnQ2wvP1qhXz0,pm_1SiRsWG169MUOFIqrqu25ypU,cus_TfnQ2wvP1qhXz0,pm_1TGpqZLfpHJZVq4IEV60Ze0K
cus_TZfr0IDvcnnZCn,pm_1ScWWUG169MUOFIqmScGRzo1,cus_TZfr0IDvcnnZCn,pm_1TGpqYLfpHJZVq4ID69iLBGf
cus_U60mmPL24mCXVo,,cus_U60mmPL24mCXVo,
cus_THofCoSressIy7,,cus_THofCoSressIy7,
cus_UAP1rYx6vSa8MK,,cus_UAP1rYx6vSa8MK,
cus_Ts7FHRPG7lIyh1,,cus_Ts7FHRPG7lIyh1,
cus_ThYgv2Hn0tyLPV,,cus_ThYgv2Hn0tyLPV,
cus_TeYAYIhGhoOlOX,,cus_TeYAYIhGhoOlOX,
cus_U4mALT88YWFLu8,,cus_U4mALT88YWFLu8,
cus_TzwrA46kCuaH9O,,cus_TzwrA46kCuaH9O,
cus_TbxDI6o9s4NXo3,,cus_TbxDI6o9s4NXo3,
cus_Tbx86yJEkQLn4b,,cus_Tbx86yJEkQLn4b,
cus_TKSRVmmr2nCx22,,cus_TKSRVmmr2nCx22,
cus_U2w1wsUwXCmo0O,,cus_U2w1wsUwXCmo0O,
cus_TuGUPFwBC6iVig,pm_1SwRy9G169MUOFIqc0doKyUm,cus_TuGUPFwBC6iVig,pm_1TGpqSLfpHJZVq4IWbXpAKJK
cus_To3hnylvODIQ45,,cus_To3hnylvODIQ45,
cus_Tstvc5zyAKtdeZ,,cus_Tstvc5zyAKtdeZ,
cus_U9NNwAI0kAzDjI,,cus_U9NNwAI0kAzDjI,
cus_U01CisC9zTiili,,cus_U01CisC9zTiili,
cus_Thc28dWYEFaIY3,,cus_Thc28dWYEFaIY3,
cus_Twb2A7sXCqbmw1,,cus_Twb2A7sXCqbmw1,
cus_Tea04ja772StFP,,cus_Tea04ja772StFP,
cus_TYFFZeB0YYWxil,pm_1Sb8lUG169MUOFIqMG68h9ll,cus_TYFFZeB0YYWxil,pm_1TGpqOLfpHJZVq4I6zMYajmY
cus_TJJoiLbiiISoHk,,cus_TJJoiLbiiISoHk,
cus_ThIjwgGBGIFcfU,,cus_ThIjwgGBGIFcfU,
cus_U6xS63oPTonAes,pm_1T8jYhG169MUOFIqpv8PRRmx,cus_U6xS63oPTonAes,pm_1TGpqMLfpHJZVq4IPrRbV0C6
cus_U5V6RQEhNGHXgz,pm_1T7K6kG169MUOFIqTNE7hNqY,cus_U5V6RQEhNGHXgz,pm_1TGpqLLfpHJZVq4IOT4q3NpT
cus_U1QxtbLJNNPQGs,card_1T3O57G169MUOFIqLnK00aPT,cus_U1QxtbLJNNPQGs,card_1TGpqLLfpHJZVq4I8t1JpRnh
cus_U1PP5B5ePfqadM,pm_1T3MbOG169MUOFIq2t9BbivJ,cus_U1PP5B5ePfqadM,pm_1TGpqKLfpHJZVq4INXaSU5qX
cus_TUlc0MJKh0NLV2,pm_1SXm5hG169MUOFIqsW2NZFar,cus_TUlc0MJKh0NLV2,pm_1TGpqJLfpHJZVq4Ic611yfmM
cus_TRPbbm9haDzuqZ,pm_1SUWoIG169MUOFIqhNLXbz9y,cus_TRPbbm9haDzuqZ,pm_1TGpqILfpHJZVq4IKlHQGh9L
cus_U6xLwjG9rKh6dw,pm_1T8jQvG169MUOFIqenUP4bzR,cus_U6xLwjG9rKh6dw,pm_1TGpqHLfpHJZVq4IZzJB8syA
cus_U2rgOnNfMSHAdv,pm_1T4lxCG169MUOFIqFviFcSG7,cus_U2rgOnNfMSHAdv,pm_1TGpqHLfpHJZVq4Iw37s8QwK
cus_TzHTJnokFG0hCz,pm_1T1IvjG169MUOFIqI2rTnccg,cus_TzHTJnokFG0hCz,pm_1TGpqGLfpHJZVq4IooSPoXEJ
cus_TzHTJnokFG0hCz,pm_1T1IwrG169MUOFIqwDyRLBxV,cus_TzHTJnokFG0hCz,pm_1TGpqGLfpHJZVq4IZukFQBd8
cus_TzHTJnokFG0hCz,pm_1T1IyVG169MUOFIqjxuNnrcz,cus_TzHTJnokFG0hCz,pm_1TGpqGLfpHJZVq4I34r7uMyk
cus_TzHTJnokFG0hCz,pm_1T22pXG169MUOFIqnQTEi0ak,cus_TzHTJnokFG0hCz,pm_1TGpqGLfpHJZVq4IRIYcy8BU
cus_TxbDF9Cqze6TtU,pm_1Szg1aG169MUOFIqsdmdfC1o,cus_TxbDF9Cqze6TtU,pm_1TGpqFLfpHJZVq4IF6TPL0vs
cus_TkPlFzPWjGmEJE,pm_1Smv13G169MUOFIqUSixO2ss,cus_TkPlFzPWjGmEJE,pm_1TGpqELfpHJZVq4IFgMcNd0P
cus_TVzjtrCO5FMZcW,card_1SkITRG169MUOFIqQ8Rgs1Ye,cus_TVzjtrCO5FMZcW,card_1TGpqDLfpHJZVq4Iaca9Fkpr
cus_TcegvGjhXmPXNP,pm_1SfPNFG169MUOFIqPJJgy1tr,cus_TcegvGjhXmPXNP,pm_1TGpqDLfpHJZVq4ILrNFEEzC
cus_TVXCH58hcdP5Ws,pm_1SYW9WG169MUOFIqRwodDHfO,cus_TVXCH58hcdP5Ws,pm_1TGpqCLfpHJZVq4Ia8rWwtHH
cus_TVXCH58hcdP5Ws,pm_1SYWBDG169MUOFIqL7W11BvS,cus_TVXCH58hcdP5Ws,pm_1TGpqCLfpHJZVq4IptVEBDuv
cus_TzWawnPvgVVZsu,pm_1T1XXSG169MUOFIqGwqP41jT,cus_TzWawnPvgVVZsu,pm_1TGpqBLfpHJZVq4IQjRnKkbL
cus_TjsY4nyns5asR8,pm_1SmOnMG169MUOFIq2a2BcfKr,cus_TjsY4nyns5asR8,pm_1TGpqBLfpHJZVq4IyP8nG0re
cus_TceobwbMfH7DrY,pm_1SfPWIG169MUOFIq2xz6L79S,cus_TceobwbMfH7DrY,pm_1TGpqALfpHJZVq4IcZMe7jgt
cus_Ta86PFUwIDiBZN,card_1ScxqYG169MUOFIqnosRzl1z,cus_Ta86PFUwIDiBZN,card_1TGpq9LfpHJZVq4Ijwj6uK4m
cus_TytLO31wpOADFH,pm_1T1xtUG169MUOFIqr6WIODx9,cus_TytLO31wpOADFH,pm_1TGpq9LfpHJZVq4IdQvwgFu7
cus_Togorwhs1ERAo4,pm_1Sr3RAG169MUOFIqIWnmSc8R,cus_Togorwhs1ERAo4,pm_1TGpq8LfpHJZVq4IDoLlxjKH
cus_TZP5IF7wzbUwhI,card_1ScGtRG169MUOFIqf7DNMHUS,cus_TZP5IF7wzbUwhI,card_1TGpq7LfpHJZVq4IJ8B9Z4QL
cus_Tw7ePw7kHbjzsi,pm_1SyFPvG169MUOFIq2yGCE9Gh,cus_Tw7ePw7kHbjzsi,pm_1TGpq6LfpHJZVq4IEInHZIVN
cus_TrbHtVDvgVhqj2,pm_1Sts6TG169MUOFIqkzXiQB6U,cus_TrbHtVDvgVhqj2,pm_1TGpq6LfpHJZVq4Is1xb0CPo
cus_TnYZdmlpxSS90m,card_1SqJKQG169MUOFIqdRL9a01s,cus_TnYZdmlpxSS90m,card_1TGpq5LfpHJZVq4IAnuMCq9r
cus_Tn9Ti635p2BXjL,pm_1SpZBjG169MUOFIqf0HL0EBS,cus_Tn9Ti635p2BXjL,pm_1TGpq4LfpHJZVq4I7Yil71F3
cus_Tn9Ti635p2BXjL,pm_1SpZEaG169MUOFIqHcQjc2qD,cus_Tn9Ti635p2BXjL,pm_1TGpq4LfpHJZVq4Io7O2pSUu
cus_TUCDRd1qvZqLtb,pm_1SXDpWG169MUOFIqXYamCSLL,cus_TUCDRd1qvZqLtb,pm_1TGpq3LfpHJZVq4IoTN8WZZs
cus_TKpGmVRe1nkyna,card_1SO9beG169MUOFIqu2tAFxJM,cus_TKpGmVRe1nkyna,card_1TGpq2LfpHJZVq4IiQxscyff
cus_U4p0VwIN3MoDyi,pm_1T6ipIG169MUOFIqGmJM73cs,cus_U4p0VwIN3MoDyi,pm_1TGpq2LfpHJZVq4IVi0OzXdU
cus_TjYWszOwhqA78V,pm_1Sm5RNG169MUOFIq3hdK3dvR,cus_TjYWszOwhqA78V,pm_1TGpq1LfpHJZVq4IP8p8szCq
cus_Tnd93T96bPGIJF,card_1Sq1tbG169MUOFIqjkG06FQ9,cus_Tnd93T96bPGIJF,card_1TGpq0LfpHJZVq4I5c64qUDY
cus_TmOHHQk9oaDa4x,pm_1SopY4G169MUOFIqpgM9S63m,cus_TmOHHQk9oaDa4x,pm_1TGpq0LfpHJZVq4IjnV2rbbA
cus_TU8PmxxUzzLDPt,card_1SmS99G169MUOFIqGLZnjSXQ,cus_TU8PmxxUzzLDPt,card_1TGppzLfpHJZVq4IzIcCoUce
cus_TQjkVmHRuSEUhY,card_1SenO7G169MUOFIqnms6DGcb,cus_TQjkVmHRuSEUhY,card_1TGppyLfpHJZVq4IqPpn2stk
cus_TTKuqaVXvhKJ7f,pm_1SYsDeG169MUOFIqmMTObioa,cus_TTKuqaVXvhKJ7f,pm_1TGppxLfpHJZVq4IAhRzgk3p
cus_TPiICausQpGjMu,pm_1SSstQG169MUOFIqeB5Eug3D,cus_TPiICausQpGjMu,pm_1TGppwLfpHJZVq4IBXOkU7MW
cus_U7pG6wO5471SnB,card_1T9ZbkG169MUOFIqoCmcTiwg,cus_U7pG6wO5471SnB,card_1TGppwLfpHJZVq4IG6RlH92I
cus_TsqRDVSabMmmGo,pm_1Sv4l8G169MUOFIqGNrAdEOI,cus_TsqRDVSabMmmGo,pm_1TGppvLfpHJZVq4IO9LcInf0
cus_Tiq7X3MYTKr2QN,pm_1SlOSzG169MUOFIqhVlyWQjY,cus_Tiq7X3MYTKr2QN,pm_1TGppuLfpHJZVq4I0BLgvdXs
cus_TMhflWnHc1s5Xf,card_1ScgxzG169MUOFIqtyHfeCT7,cus_TMhflWnHc1s5Xf,card_1TGppuLfpHJZVq4IEbGfSAyu
cus_TZn7QZSMxfSW5Z,card_1ScdX7G169MUOFIq5N5MlpjP,cus_TZn7QZSMxfSW5Z,card_1TGpptLfpHJZVq4IIAflCLgt
cus_TSywzAoSNLGWWb,card_1SW2ypG169MUOFIqPb1mdf3E,cus_TSywzAoSNLGWWb,card_1TGppsLfpHJZVq4I76eN2mo4
cus_TOnUMrnw76rf9c,pm_1SRzuSG169MUOFIqiU6Q0gMq,cus_TOnUMrnw76rf9c,pm_1TGppsLfpHJZVq4IYHdgWgiL
cus_TJlOR7vnnubN8G,pm_1SN7sXG169MUOFIqpCqNz6NT,cus_TJlOR7vnnubN8G,pm_1TGpprLfpHJZVq4IuflfL89i
cus_TJhuXnc67UYb5E,pm_1SN4V9G169MUOFIqE0Negg0u,cus_TJhuXnc67UYb5E,pm_1TGppqLfpHJZVq4IiigYFlfM
cus_U7S5kfvMAMK2YH,,cus_U7S5kfvMAMK2YH,
cus_TulZIdyWfhAJiP,,cus_TulZIdyWfhAJiP,
cus_TMidLvcgGhIGhH,,cus_TMidLvcgGhIGhH,
cus_TMhbO7t1BuB8Ui,,cus_TMhbO7t1BuB8Ui,
cus_TWhxC5KxRwGCnC,,cus_TWhxC5KxRwGCnC,
cus_U60oq6ESCvQVFV,,cus_U60oq6ESCvQVFV,
cus_TkYaRdHriZjKEp,,cus_TkYaRdHriZjKEp,
cus_TxP7vKEca10DwX,,cus_TxP7vKEca10DwX,
cus_U5bs3QyjZ3Uk1n,,cus_U5bs3QyjZ3Uk1n,
cus_U4r9wAJSMKdO7Z,,cus_U4r9wAJSMKdO7Z,
cus_TmUt2erqdMMYQD,,cus_TmUt2erqdMMYQD,
cus_TKlqpI7YkkLU7E,,cus_TKlqpI7YkkLU7E,
cus_TmQ6JsbCgA7vn3,,cus_TmQ6JsbCgA7vn3,
cus_TW59II38N9SADF,,cus_TW59II38N9SADF,
cus_TymLlyFZa9ymyh,,cus_TymLlyFZa9ymyh,
cus_TRRhSG2nsfTYeS,,cus_TRRhSG2nsfTYeS,
cus_TuKT7xfKgH6i2a,,cus_TuKT7xfKgH6i2a,
cus_TpohiVXB59SDtM,,cus_TpohiVXB59SDtM,
cus_TmWprTjdKTqUIv,,cus_TmWprTjdKTqUIv,
cus_TxJuzAa2WF48iX,card_1TC4vgG169MUOFIq43lm71H9,cus_TxJuzAa2WF48iX,card_1TGppgLfpHJZVq4Ihw4Dtj7Z
cus_TzWLMsDrxfQLoZ,card_1T5vgSG169MUOFIqSzCzyVY0,cus_TzWLMsDrxfQLoZ,card_1TGppfLfpHJZVq4ItWFiwIxF
cus_TzEtxDM5jaMeFI,pm_1T1GQ6G169MUOFIqs66O7ble,cus_TzEtxDM5jaMeFI,pm_1TGppeLfpHJZVq4IXEJ3WcYd
cus_TMvS6PkZeQuYDd,pm_1SQBcLG169MUOFIqV9cNeEYz,cus_TMvS6PkZeQuYDd,pm_1TGppeLfpHJZVq4IzLonwEJH
cus_U6xjrgl1mxN5Zx,pm_1T8jp6G169MUOFIqm2UTFxDC,cus_U6xjrgl1mxN5Zx,pm_1TGppdLfpHJZVq4IGxrpB7Zh
cus_TxhxMJKMSpp76O,card_1SzmY2G169MUOFIqbuuF7FJ2,cus_TxhxMJKMSpp76O,card_1TGppcLfpHJZVq4IYpRvVvfp
cus_TRYSPHOKtv3kS6,card_1SUfLrG169MUOFIqA7mmWo6n,cus_TRYSPHOKtv3kS6,card_1TGppbLfpHJZVq4IGkHreMbR
cus_TQfXqonWkIIP36,pm_1SToDLG169MUOFIqfZjU2Qlm,cus_TQfXqonWkIIP36,pm_1TGppbLfpHJZVq4INVEM5ukL
cus_TQfXqonWkIIP36,pm_1SToE0G169MUOFIqo9Xw35u9,cus_TQfXqonWkIIP36,pm_1TGppbLfpHJZVq4IyQyWYyC5
cus_TQfXqonWkIIP36,pm_1SToFKG169MUOFIqjf0RuTFQ,cus_TQfXqonWkIIP36,pm_1TGppaLfpHJZVq4IfPpSggEn
cus_TyXBa55HqS8THo,pm_1T0a82G169MUOFIq1pxvzkUz,cus_TyXBa55HqS8THo,pm_1TGppaLfpHJZVq4IJyE8jZXc
cus_TmOHiYCuSn1GjT,pm_1SopVbG169MUOFIqwgm729X8,cus_TmOHiYCuSn1GjT,pm_1TGppZLfpHJZVq4I1BEfdCz0
cus_TO5WJu9kyaZIMX,card_1SRJL9G169MUOFIquRoCgaiu,cus_TO5WJu9kyaZIMX,card_1TGppYLfpHJZVq4IYKQxNrwz
cus_TjsF4EUwgRk9lg,card_1SmOUrG169MUOFIqiHef9EAY,cus_TjsF4EUwgRk9lg,card_1TGppXLfpHJZVq4IDheCDx1O
cus_ThGNnieH5o6sb1,card_1SjrrDG169MUOFIqdVzTa6kK,cus_ThGNnieH5o6sb1,card_1TGppXLfpHJZVq4IqL6hb6jI
cus_Ta1i5peAFbksjj,card_1ScrfTG169MUOFIqybQQERRu,cus_Ta1i5peAFbksjj,card_1TGppWLfpHJZVq4IOcVkBCVe
cus_TOYjL9iup6VTEz,card_1SRld8G169MUOFIqArb4Q3Vv,cus_TOYjL9iup6VTEz,card_1TGppVLfpHJZVq4Ic9V5EqCC
cus_TNiusI7GKFVsoX,pm_1SQxULG169MUOFIqOV4UrQx0,cus_TNiusI7GKFVsoX,pm_1TGppVLfpHJZVq4Iob2bGYPH
cus_TjlUEfCu2xUCRW,pm_1SmHxUG169MUOFIqexe1YbQq,cus_TjlUEfCu2xUCRW,pm_1TGppULfpHJZVq4IJ2au6ljd
cus_TjlUEfCu2xUCRW,pm_1SmI6IG169MUOFIqaLwOc215,cus_TjlUEfCu2xUCRW,pm_1TGppULfpHJZVq4IiDTFiB6s
cus_TjlUEfCu2xUCRW,pm_1SmI6uG169MUOFIql9WkCNht,cus_TjlUEfCu2xUCRW,pm_1TGppULfpHJZVq4IVAghwIig
cus_TQ3DDQRTZ8a2T1,card_1STD6uG169MUOFIqEw157hsY,cus_TQ3DDQRTZ8a2T1,card_1TGppTLfpHJZVq4IyLBVM65g
cus_TNi5fk4eiAVR56,card_1SQwexG169MUOFIqjdwZ7KND,cus_TNi5fk4eiAVR56,card_1TGppSLfpHJZVq4IxpmuhXWy
cus_TzaBMIeWs1lFA4,pm_1T1bIPG169MUOFIqt5zOFTjf,cus_TzaBMIeWs1lFA4,pm_1TGppRLfpHJZVq4I0SSBuGAZ
cus_TjsL5xDfjzV2aP,card_1SmOabG169MUOFIqGm4iTcOA,cus_TjsL5xDfjzV2aP,card_1TGppRLfpHJZVq4IZPMCohWj
cus_TPiLew8120UXm0,pm_1SSsvyG169MUOFIq3HnhQylf,cus_TPiLew8120UXm0,pm_1TGppQLfpHJZVq4ISHA3ooa0
cus_UDVgG6Wi7x187p,pm_1TFmdMG169MUOFIqsymEqR6t,cus_UDVgG6Wi7x187p,pm_1TGppPLfpHJZVq4IxmMbgrIZ
cus_Tv3Sfeagl5ZlG4,pm_1SxDLaG169MUOFIqHCcqT3sB,cus_Tv3Sfeagl5ZlG4,pm_1TGppPLfpHJZVq4I3S3C4F75
cus_TdROtYA1FJZHWh,pm_1SgAVuG169MUOFIqm6jrFHWB,cus_TdROtYA1FJZHWh,pm_1TGppOLfpHJZVq4IluENmDKf
cus_Ts4TkBpDY947t2,pm_1SuKLLG169MUOFIqlJpvX0CK,cus_Ts4TkBpDY947t2,pm_1TGppNLfpHJZVq4Itff5S7nx
cus_THoEfpCVvLK3qt,card_1SRIPWG169MUOFIqwpLwQ4fb,cus_THoEfpCVvLK3qt,card_1TGppMLfpHJZVq4IN8it75E2
cus_U8APC5siMinozO,,cus_U8APC5siMinozO,
cus_TmVaKy9yZTBeuf,,cus_TmVaKy9yZTBeuf,
cus_TuMO37EwNr150E,,cus_TuMO37EwNr150E,
cus_TptCQ7qGdlb3Mn,,cus_TptCQ7qGdlb3Mn,
cus_Tfq6FyjeInJ4JY,,cus_Tfq6FyjeInJ4JY,
cus_Tieq83nDSyG6es,,cus_Tieq83nDSyG6es,
cus_TdQLFOj4F8gpC2,,cus_TdQLFOj4F8gpC2,
cus_TZM2KHUyZfV9Fs,,cus_TZM2KHUyZfV9Fs,
cus_U3239stWrs8jVr,,cus_U3239stWrs8jVr,
cus_U28pr7eM1zyR4Z,pm_1T45GZG169MUOFIqfaFqm66X,cus_U28pr7eM1zyR4Z,pm_1TGppHLfpHJZVq4IBMjI7JWj
cus_U28pr7eM1zyR4Z,pm_1T45HmG169MUOFIqObhHtEGh,cus_U28pr7eM1zyR4Z,pm_1TGppHLfpHJZVq4IR9Do7yxr
cus_TnwvU6THpZoxLB,,cus_TnwvU6THpZoxLB,
cus_TulbxuVzso9zQu,,cus_TulbxuVzso9zQu,
cus_TulX3MS5XF70VN,,cus_TulX3MS5XF70VN,
cus_Thfa2qx61ZCBwn,,cus_Thfa2qx61ZCBwn,
cus_ThBpW3KL9aNZsp,,cus_ThBpW3KL9aNZsp,
cus_Tcg5NROld85RLn,,cus_Tcg5NROld85RLn,
cus_U5UFOc560w4sfp,pm_1T7JJOG169MUOFIqTrscWbMq,cus_U5UFOc560w4sfp,pm_1TGppDLfpHJZVq4Ih6DZ2dIg
cus_TzwprKeEhrWliK,pm_1T1wxbG169MUOFIqbMInw5OJ,cus_TzwprKeEhrWliK,pm_1TGppCLfpHJZVq4IALCbxmAW
cus_TyLb3uGAJKyDir,pm_1T0OvdG169MUOFIqTZonpAVA,cus_TyLb3uGAJKyDir,pm_1TGppBLfpHJZVq4IfjYCoXaQ
cus_TmWUQrgR21olO0,card_1SoxRdG169MUOFIqwwgxhH6R,cus_TmWUQrgR21olO0,card_1TGppALfpHJZVq4Ic80xeaRi
cus_U3yWkN7vcoueBy,pm_1T5qa7G169MUOFIqXDOLSLfP,cus_U3yWkN7vcoueBy,pm_1TGppALfpHJZVq4I3ZtVbmTd
cus_U3yWkN7vcoueBy,pm_1T5qbCG169MUOFIqkto7i6sX,cus_U3yWkN7vcoueBy,pm_1TGppALfpHJZVq4IAqlBvRH9
cus_ToKmqiE7uRHGoF,card_1Sqi7CG169MUOFIqRekra0IV,cus_ToKmqiE7uRHGoF,card_1TGpp9LfpHJZVq4IXbNXcdKn
cus_TVFksGWhktquUm,pm_1SYFFNG169MUOFIqMii6YmWx,cus_TVFksGWhktquUm,pm_1TGpp8LfpHJZVq4IHPQqKDyY
cus_TVFksGWhktquUm,pm_1SYFFtG169MUOFIqor6muPNZ,cus_TVFksGWhktquUm,pm_1TGpp8LfpHJZVq4IC7wQoKVy
cus_TVFksGWhktquUm,pm_1SYFIAG169MUOFIqULOTeLz6,cus_TVFksGWhktquUm,pm_1TGpp8LfpHJZVq4IKkEhtLY8
cus_TVFksGWhktquUm,pm_1SYFJbG169MUOFIq387vqFzp,cus_TVFksGWhktquUm,pm_1TGpp8LfpHJZVq4I3FrDoOly
cus_TT1bfr7HuHNu84,card_1SW5Y1G169MUOFIq0NGFx2JE,cus_TT1bfr7HuHNu84,card_1TGpp7LfpHJZVq4IqhMBl0vE
cus_TxJrxBoQVBcJc6,card_1TBjLJG169MUOFIqw2QK8CXy,cus_TxJrxBoQVBcJc6,card_1TGpp6LfpHJZVq4I1wuoHfZ4
cus_TtI1LBjOlPNs1r,pm_1SvVSDG169MUOFIqgEDaOxP6,cus_TtI1LBjOlPNs1r,pm_1TGpp6LfpHJZVq4IkrIAtn9c
cus_TrHRFTVy10PHCr,pm_1StYsjG169MUOFIqZO9xaZCx,cus_TrHRFTVy10PHCr,pm_1TGpp5LfpHJZVq4Io074HPBG
cus_TWJSKtHJgEIBtm,pm_1SZGpuG169MUOFIqWzqedMtH,cus_TWJSKtHJgEIBtm,pm_1TGpp4LfpHJZVq4IOQHzotU7
cus_Tw9lZC67zLiLHH,pm_1SyHSfG169MUOFIq7uv5gI47,cus_Tw9lZC67zLiLHH,pm_1TGpp4LfpHJZVq4I7tRlah4H
cus_TtaAmUnzB5IYIk,card_1Svn0RG169MUOFIqXoq2oYRr,cus_TtaAmUnzB5IYIk,card_1TGpp3LfpHJZVq4IUNVWuKmG
cus_TOWXO7wc0sUTBo,card_1SRjTyG169MUOFIqXW8AKlwa,cus_TOWXO7wc0sUTBo,card_1TGpp2LfpHJZVq4I0VskvkbE
cus_TO1sd4RZrJ8Ema,pm_1SRFpgG169MUOFIqpa754K5E,cus_TO1sd4RZrJ8Ema,pm_1TGpp1LfpHJZVq4IlxMNADJ1
cus_U8y69zYjp7YuNe,pm_1TAgAUG169MUOFIqoMR3bMNV,cus_U8y69zYjp7YuNe,pm_1TGpp1LfpHJZVq4Iu4FjxDUs
cus_TdVpgm5szAH9WY,card_1SgEp0G169MUOFIqJ1roBUGn,cus_TdVpgm5szAH9WY,card_1TGpp0LfpHJZVq4IQYNHRfy8
cus_TW1WLs1H9LhR0Q,card_1SYzTSG169MUOFIqZKXgmqDN,cus_TW1WLs1H9LhR0Q,card_1TGpozLfpHJZVq4IAJA46cRq
cus_TNTH0mxKxwfpXF,pm_1SQiLfG169MUOFIqX6pWsbPb,cus_TNTH0mxKxwfpXF,pm_1TGpozLfpHJZVq4IIBvmCLyI
cus_TwXPdLoQIrXcxQ,pm_1SyeMAG169MUOFIqwCxkdgg7,cus_TwXPdLoQIrXcxQ,pm_1TGpoyLfpHJZVq4I2e12WPP1
cus_TwXPdLoQIrXcxQ,pm_1SyeNPG169MUOFIqR3nTEQyv,cus_TwXPdLoQIrXcxQ,pm_1TGpoyLfpHJZVq4IAVSOwgEr
cus_TlgKwNQsVUb28J,card_1So94TG169MUOFIqmpZgK7lH,cus_TlgKwNQsVUb28J,card_1TGpoxLfpHJZVq4IH4RjB4JS
cus_Tiq7b7pNLErnHL,pm_1SlOS2G169MUOFIqRgc5r6uU,cus_Tiq7b7pNLErnHL,pm_1TGpowLfpHJZVq4IofMSdIkO
cus_TdYoH9uytF432r,pm_1SgHhfG169MUOFIq551MUfKC,cus_TdYoH9uytF432r,pm_1TGpowLfpHJZVq4IWoD1qoZu
cus_TZl0AI4QNFyO94,pm_1ScbW7G169MUOFIqHBreZbLW,cus_TZl0AI4QNFyO94,pm_1TGpovLfpHJZVq4IL0yvl0iF
cus_TJdrJ2Drg17WJt,pm_1SN0a9G169MUOFIq5w6wE2NF,cus_TJdrJ2Drg17WJt,pm_1TGpouLfpHJZVq4IU2QpIjf8
cus_U9kHJFI8RX4x2f,pm_1TBQoIG169MUOFIqBSOBohtj,cus_U9kHJFI8RX4x2f,pm_1TGpouLfpHJZVq4Iw8Ud2wFP
cus_TRQIk5HlAvmES2,pm_1SUXhcG169MUOFIq4Om5mRJX,cus_TRQIk5HlAvmES2,pm_1TGpotLfpHJZVq4IWW8Y40FS
cus_TLuG7QctE1E5e5,pm_1SPCSNG169MUOFIqvvvP0MEe,cus_TLuG7QctE1E5e5,pm_1TGposLfpHJZVq4Ikr4FSvUV
cus_TLqBUnNV4BxDHt,card_1SP8V7G169MUOFIqhZsdxn6U,cus_TLqBUnNV4BxDHt,card_1TGporLfpHJZVq4IlYDi9ZZT
cus_U8spYZTXoucB09,,cus_U8spYZTXoucB09,
cus_TybJiTRswPQp5J,,cus_TybJiTRswPQp5J,
cus_TLtwFkQWB7TAUH,,cus_TLtwFkQWB7TAUH,
cus_U1UNJwqPkGmZHT,,cus_U1UNJwqPkGmZHT,
cus_Ti0EgEFBTsfnbm,,cus_Ti0EgEFBTsfnbm,
cus_TSJ2SB3dEf3Os8,,cus_TSJ2SB3dEf3Os8,
cus_ThBmFuIXKVKn7s,,cus_ThBmFuIXKVKn7s,
cus_U3nJAm6xHswnt5,,cus_U3nJAm6xHswnt5,
cus_TjsCojergQbRv6,,cus_TjsCojergQbRv6,
cus_U5VlsHqRGx9E9Y,,cus_U5VlsHqRGx9E9Y,
cus_TwDMYBtdHY3lkT,,cus_TwDMYBtdHY3lkT,
cus_U6bbPleMjmDO4c,,cus_U6bbPleMjmDO4c,
cus_TpocQSGBdyb4n4,,cus_TpocQSGBdyb4n4,
cus_U7Ui0HoJLmCG03,,cus_U7Ui0HoJLmCG03,
cus_U60jRuTNPismlT,,cus_U60jRuTNPismlT,
cus_U3gKCs6761KrTk,,cus_U3gKCs6761KrTk,
cus_U8FuF0auUlmwYj,,cus_U8FuF0auUlmwYj,
cus_U8Cto524u0BGFJ,,cus_U8Cto524u0BGFJ,
cus_To3kbdIByeepUx,,cus_To3kbdIByeepUx,
cus_TLrgF4nTRk5Nvs,,cus_TLrgF4nTRk5Nvs,
cus_TuKQhC3M3L129f,,cus_TuKQhC3M3L129f,
cus_TMAYD97vm7MBCm,,cus_TMAYD97vm7MBCm,
cus_TeshXkyITsJS4k,pm_1ShYx8G169MUOFIqXoBWkbtj,cus_TeshXkyITsJS4k,pm_1TGpogLfpHJZVq4IyzrVuBpy
cus_TOVueggTkWyE1l,card_1SRit2G169MUOFIqEVBS8Hr3,cus_TOVueggTkWyE1l,card_1TGpofLfpHJZVq4IrlvRqnmD
cus_TJbVI4IdelFTUD,pm_1SMyIoG169MUOFIqYQjylH1h,cus_TJbVI4IdelFTUD,pm_1TGpofLfpHJZVq4IzSpqhvyf
cus_U8GKtIKa0a3kwi,card_1T9znMG169MUOFIqjIn3SlfD,cus_U8GKtIKa0a3kwi,card_1TGpoeLfpHJZVq4IAGv5ojWK
cus_U4Q2wcMUFzEwG8,pm_1T6HD8G169MUOFIqgRe7I6NI,cus_U4Q2wcMUFzEwG8,pm_1TGpodLfpHJZVq4IVt1RzC16
cus_U0etxg7yZOeuBG,card_1T2dZlG169MUOFIq1OdrObzp,cus_U0etxg7yZOeuBG,card_1TGpodLfpHJZVq4I2WVOIw7p
cus_TqcOudsf0lLY1E,pm_1Sw6unG169MUOFIqUfM3qsjt,cus_TqcOudsf0lLY1E,pm_1TGpocLfpHJZVq4IU5brvjZ3
cus_TjsRcBRiSJLYPm,card_1SmOgRG169MUOFIqiexh6lQB,cus_TjsRcBRiSJLYPm,card_1TGpobLfpHJZVq4IT2FodIiM
cus_TNPTsUl3x7hyyB,card_1SQeeVG169MUOFIqTgNTmm7T,cus_TNPTsUl3x7hyyB,card_1TGpobLfpHJZVq4Ik9gdQ9RC
cus_TVu8952d4f1G03,pm_1SYsMfG169MUOFIqnzzUDFJq,cus_TVu8952d4f1G03,pm_1TGpoaLfpHJZVq4IBsnvpCCE
cus_TOWTQKcWl68NXf,card_1SRjQAG169MUOFIq1zK9ImCp,cus_TOWTQKcWl68NXf,card_1TGpoZLfpHJZVq4I4ALXJcCZ
cus_U9zSUJszYLJcUf,pm_1TBfXzG169MUOFIqi2W10SpN,cus_U9zSUJszYLJcUf,pm_1TGpoZLfpHJZVq4IArEiAGOv
cus_Tl4cNJNVvCJRBk,card_1SnYTcG169MUOFIqQFKTgs9W,cus_Tl4cNJNVvCJRBk,card_1TGpoYLfpHJZVq4IbVKA3DKg
cus_TkHjeAcK9xVvgU,pm_1SmnANG169MUOFIq8XSiBNmf,cus_TkHjeAcK9xVvgU,pm_1TGpoYLfpHJZVq4IbJRK5YDc
cus_TL7hEr22uUdFTY,card_1SPz90G169MUOFIqOtC0Nx9W,cus_TL7hEr22uUdFTY,card_1TGpoXLfpHJZVq4ILc1zZ4hH
cus_U5u3py4tuSGABV,pm_1T7iGtG169MUOFIqPsxCQ8r6,cus_U5u3py4tuSGABV,pm_1TGpoWLfpHJZVq4I51Mrj7R6
cus_U44Uho90ykqfAA,pm_1T5wM5G169MUOFIqxWSLnL89,cus_U44Uho90ykqfAA,pm_1TGpoVLfpHJZVq4IZZ4dcA1Y
cus_TroiGdHXpApTeQ,pm_1Su55IG169MUOFIq4raJ8hos,cus_TroiGdHXpApTeQ,pm_1TGpoULfpHJZVq4INA2bHdp4
cus_TRSlLsD25Sfuk4,card_1SUZqLG169MUOFIqQoc5vPjI,cus_TRSlLsD25Sfuk4,card_1TGpoTLfpHJZVq4IFKBMO4v0
cus_TOzK9iHtgHMHQD,pm_1SSBOIG169MUOFIqqoEiOSsb,cus_TOzK9iHtgHMHQD,pm_1TGpoTLfpHJZVq4IfWiB3jQp
cus_U9yimWpVgnVBvX,pm_1TBelgG169MUOFIqXQ8WxFYx,cus_U9yimWpVgnVBvX,pm_1TGpoSLfpHJZVq4IAilZtzhp
cus_TkINDibCgT0cgy,pm_1Szr9UG169MUOFIqJFe3B7cU,cus_TkINDibCgT0cgy,pm_1TGpoRLfpHJZVq4INzvyMOmT
cus_TqYl7osqKR8sCw,card_1SsrdnG169MUOFIqIRtfIHhV,cus_TqYl7osqKR8sCw,card_1TGpoQLfpHJZVq4Iv8B9aJIf
cus_TYegg96dD91tbV,pm_1SbXO2G169MUOFIqW6DYmpvV,cus_TYegg96dD91tbV,pm_1TGpoQLfpHJZVq4IDVIYDAiD
cus_TWfvA9pd97mIIv,pm_1SZca5G169MUOFIqrO2UWc54,cus_TWfvA9pd97mIIv,pm_1TGpoPLfpHJZVq4IfGKcQZiR
cus_TPEwaba3roWiPc,pm_1SSiX4G169MUOFIqQ5XqHdTP,cus_TPEwaba3roWiPc,pm_1TGpoOLfpHJZVq4IO3RYQVzc
cus_TtUoxCJJ9FhPvL,pm_1SviCdG169MUOFIqIwKuiMKe,cus_TtUoxCJJ9FhPvL,pm_1TGpoOLfpHJZVq4ILoP4dASt
cus_Tg6XB2JiZDhXJC,pm_1SikOJG169MUOFIqvzZP25Tm,cus_Tg6XB2JiZDhXJC,pm_1TGpoNLfpHJZVq4IycJFeZbm
cus_TRZPMz18EsKSYY,card_1SUgGQG169MUOFIqHL6B5Xtn,cus_TRZPMz18EsKSYY,card_1TGpoMLfpHJZVq4I0LJEfhwp
cus_TNinLAmD5rlZnU,pm_1SQxMAG169MUOFIqRj55NjTH,cus_TNinLAmD5rlZnU,pm_1TGpoMLfpHJZVq4IKhR1xMFl
cus_TU8Ffmj4WuC4cA,,cus_TU8Ffmj4WuC4cA,
cus_U9jJ0iieiBE7hY,,cus_U9jJ0iieiBE7hY,
cus_U5WcxTZqW9tsta,,cus_U5WcxTZqW9tsta,
cus_TVyhpsRlawRAst,,cus_TVyhpsRlawRAst,
cus_Tqbeu4SaSFFrZG,,cus_Tqbeu4SaSFFrZG,
cus_TuKPBHOH6DHUzs,,cus_TuKPBHOH6DHUzs,
cus_TniIpxeqMkRfzm,,cus_TniIpxeqMkRfzm,
cus_TcgAhkO2ekZncD,,cus_TcgAhkO2ekZncD,
cus_TuKUbc2RxTjAhE,,cus_TuKUbc2RxTjAhE,
cus_U9yGVKtR7j5U41,,cus_U9yGVKtR7j5U41,
cus_Ti07Qk8cJy5ApU,,cus_Ti07Qk8cJy5ApU,
cus_TRu6Z3JgboQAPr,,cus_TRu6Z3JgboQAPr,
cus_TniJfGHP7NVpRb,,cus_TniJfGHP7NVpRb,
cus_TqzJySvIrVWDp6,card_1StHLBG169MUOFIqQEGdHcYh,cus_TqzJySvIrVWDp6,card_1TGpoELfpHJZVq4IGRGZ7UGF
cus_TYBTERPF8pn4fD,card_1SkvU8G169MUOFIqWewkekBf,cus_TYBTERPF8pn4fD,card_1TGpoDLfpHJZVq4I6dmPS1ow
cus_TWJT9KeRA2TH31,card_1SZGtrG169MUOFIqITnV6YwD,cus_TWJT9KeRA2TH31,card_1TGpoDLfpHJZVq4II4J8nj3G
cus_TQppC0VnXN8CF6,pm_1STyH6G169MUOFIqKi4Y3hvr,cus_TQppC0VnXN8CF6,pm_1TGpoCLfpHJZVq4IUmNNalYU
cus_TmQN9yuRE6JHA7,pm_1SorYXG169MUOFIqgDv0bzDn,cus_TmQN9yuRE6JHA7,pm_1TGpoCLfpHJZVq4Imf7njFcY
cus_TLzQFFIikdxVn9,pm_1SPHSDG169MUOFIqTt6CtV2k,cus_TLzQFFIikdxVn9,pm_1TGpoBLfpHJZVq4IxHkweQ4m
cus_TyTZD1ptjO3Rmi,card_1T0WbxG169MUOFIq83v6Rw7Y,cus_TyTZD1ptjO3Rmi,card_1TGpoALfpHJZVq4IqQy2X8eO
cus_TgWJ7til174YPK,pm_1SvP0pG169MUOFIqs9TBxA4s,cus_TgWJ7til174YPK,pm_1TGpo9LfpHJZVq4IH69XSkt9
cus_TeerrsILF3dLiu,pm_1ShLYTG169MUOFIq8VBDEToj,cus_TeerrsILF3dLiu,pm_1TGpo9LfpHJZVq4ILlRTClRp
cus_TORVS5rnCunop3,card_1SRecNG169MUOFIqxWP1EaCY,cus_TORVS5rnCunop3,card_1TGpo8LfpHJZVq4IwIVKueA2
cus_TMGIUiqG0oHKS9,pm_1SPXoeG169MUOFIqn7SZ4YXe,cus_TMGIUiqG0oHKS9,pm_1TGpo7LfpHJZVq4IAzdazk0S
cus_Txi3RDu1e1qVaA,card_1Szmf2G169MUOFIqbENnfEkE,cus_Txi3RDu1e1qVaA,card_1TGpo6LfpHJZVq4Iu2Uo1mxA
cus_TliwoLUipbe9aJ,card_1SoBWcG169MUOFIqOErqDjNY,cus_TliwoLUipbe9aJ,card_1TGpo6LfpHJZVq4IkR7CcZDg
cus_TgrfxZpJ5tHken,pm_1SjTwIG169MUOFIq682jBmwW,cus_TgrfxZpJ5tHken,pm_1TGpo5LfpHJZVq4IYKvWcj9y
cus_TRXsbQMyuDa2Mn,pm_1SUevcG169MUOFIqz6CwGYmF,cus_TRXsbQMyuDa2Mn,pm_1TGpo5LfpHJZVq4IRrEV7CXc
cus_TRSpi1ij3N2qJ0,card_1SUZu6G169MUOFIqrWVJlseG,cus_TRSpi1ij3N2qJ0,card_1TGpo4LfpHJZVq4I9WcSIkfD
cus_TKPnST1exIWofG,pm_1SNkylG169MUOFIqnRNjoT1J,cus_TKPnST1exIWofG,pm_1TGpo3LfpHJZVq4IUb8lzjqr
cus_U3OVmuBbpd3JR2,pm_1T5HjkG169MUOFIqHaj7AejF,cus_U3OVmuBbpd3JR2,pm_1TGpo2LfpHJZVq4IhwbeP2c4
cus_U19AtOOVNZEzt9,card_1T36rrG169MUOFIqQAbhaNHt,cus_U19AtOOVNZEzt9,card_1TGpo2LfpHJZVq4IOB0u7kLi
cus_TkxHKXJ3XPK17U,pm_1SnRN7G169MUOFIqawygptOv,cus_TkxHKXJ3XPK17U,pm_1TGpo1LfpHJZVq4I1X00AfE6
cus_TWn66EuQCj74LL,card_1SkvT5G169MUOFIqoVGJWTH0,cus_TWn66EuQCj74LL,card_1TGpo0LfpHJZVq4INxmfPePM
cus_TZoAnnHJzYCggq,pm_1ScebVG169MUOFIqpcH1IvjR,cus_TZoAnnHJzYCggq,pm_1TGpo0LfpHJZVq4IfdtAnbBT
cus_U9NDnvLjhCOpKQ,card_1TB4SlG169MUOFIqCKYAkcq7,cus_U9NDnvLjhCOpKQ,card_1TGpnzLfpHJZVq4IbBj75iry
cus_U18qv2E20X0fiy,pm_1T36ZSG169MUOFIq4lGAtfev,cus_U18qv2E20X0fiy,pm_1TGpnyLfpHJZVq4IP0os0jxV
cus_TScCEaWBoUZj1U,pm_1SVgzSG169MUOFIq6DhF3jOe,cus_TScCEaWBoUZj1U,pm_1TGpnxLfpHJZVq4IJl1PORQL
cus_TzZFcgG3ZKY46U,pm_1T1a8EG169MUOFIqKX6eg5Tz,cus_TzZFcgG3ZKY46U,pm_1TGpnwLfpHJZVq4IRTIE0ZjJ
cus_TqZkcI52ktNnxX,card_1Sssb9G169MUOFIqxfJukEmR,cus_TqZkcI52ktNnxX,card_1TGpnvLfpHJZVq4Iyk1dyO8h
cus_TPzMKsOzgY3feE,pm_1ST9OZG169MUOFIqH83xhupl,cus_TPzMKsOzgY3feE,pm_1TGpnvLfpHJZVq4IOPupQxa9
cus_U6lwhnuokGdiTT,pm_1T8YOjG169MUOFIqSeHsnDrr,cus_U6lwhnuokGdiTT,pm_1TGpnuLfpHJZVq4I9I1kXYkm
cus_U1sorVOAy9rQhq,pm_1T3p3EG169MUOFIqsvEec7gS,cus_U1sorVOAy9rQhq,pm_1TGpntLfpHJZVq4IaZF2mdL3
cus_TzD0k6F4tpa3a3,pm_1T1Em3G169MUOFIqHjS08OXQ,cus_TzD0k6F4tpa3a3,pm_1TGpnsLfpHJZVq4IPCncQgMT
cus_TJk9cvy6RoQHsX,pm_1SwwMiG169MUOFIqUoXxf0di,cus_TJk9cvy6RoQHsX,pm_1TGpnsLfpHJZVq4I0t5UWun1
cus_TlggLNH2dtzura,card_1So9IhG169MUOFIqKLEki4Fe,cus_TlggLNH2dtzura,card_1TGpnrLfpHJZVq4I2PIC6cBt
cus_TbaafiFA1pVqBK,pm_1SeNPjG169MUOFIq7ZxarEHu,cus_TbaafiFA1pVqBK,pm_1TGpnqLfpHJZVq4I2i2ls8IW
cus_TRPZLtwLAyiFzh,pm_1SUWkMG169MUOFIqDxtlcPKP,cus_TRPZLtwLAyiFzh,pm_1TGpnqLfpHJZVq4IkGMJGZMP
cus_U2CfenChYBIdWf,,cus_U2CfenChYBIdWf,
cus_TqynhbSuVBhcYy,,cus_TqynhbSuVBhcYy,
cus_TOojJDB4epN2uQ,,cus_TOojJDB4epN2uQ,
cus_TTKsDBxXxzg8tF,,cus_TTKsDBxXxzg8tF,
cus_U8FrARi3pRhEC2,,cus_U8FrARi3pRhEC2,
cus_TgQ5VGlARoITQH,,cus_TgQ5VGlARoITQH,
cus_TmmTD1H0HggYuS,,cus_TmmTD1H0HggYuS,
cus_UAOzg0QocqvaRV,,cus_UAOzg0QocqvaRV,
cus_TRQHUDmJiwnhBC,pm_1SUXRdG169MUOFIq3mi571Nb,cus_TRQHUDmJiwnhBC,pm_1TGpnlLfpHJZVq4IxnptXr3z
cus_U7sWouPVmnei9y,,cus_U7sWouPVmnei9y,
cus_TifmykSjHYzL2G,,cus_TifmykSjHYzL2G,
cus_TMfDkbrR22DmMi,,cus_TMfDkbrR22DmMi,
cus_Td2PsNoPemh6q4,,cus_Td2PsNoPemh6q4,
cus_TifnegVGmuCYlF,,cus_TifnegVGmuCYlF,
cus_TMZnmLmRcHFII5,,cus_TMZnmLmRcHFII5,
cus_TyPqZw5p7r0Tb6,,cus_TyPqZw5p7r0Tb6,
cus_Td464QCTFWoYV2,,cus_Td464QCTFWoYV2,
cus_UDojrWvMJ2lfdJ,,cus_UDojrWvMJ2lfdJ,
cus_U63aWooRWjNp1z,pm_1T7rTvG169MUOFIqSGudrlGq,cus_U63aWooRWjNp1z,pm_1TGpnfLfpHJZVq4IHQyjxdyr
cus_TSAW8Va1v6vnhW,card_1SVGBaG169MUOFIqVUm2RLyw,cus_TSAW8Va1v6vnhW,card_1TGpnfLfpHJZVq4IJ5PjBFhC
cus_ThsdXV6iJDvCbj,pm_1SkStXG169MUOFIqVZZZO6Pj,cus_ThsdXV6iJDvCbj,pm_1TGpneLfpHJZVq4I0JeJUhuB
cus_U0fzCjWoq173e4,card_1T2gtOG169MUOFIqNNLDTDKc,cus_U0fzCjWoq173e4,card_1TGpndLfpHJZVq4IwBv1P5MC
cus_Tezux0aYeM5hOo,card_1Shfv2G169MUOFIqb78jyYym,cus_Tezux0aYeM5hOo,card_1TGpncLfpHJZVq4IbW8YsHDk
cus_TZP4yl4s0ANCiZ,card_1ScGsTG169MUOFIqwOVxWEA8,cus_TZP4yl4s0ANCiZ,card_1TGpnbLfpHJZVq4IN06XawUO
cus_TTg8ZnafqsuIW4,pm_1SWimqG169MUOFIqVz8q23Bq,cus_TTg8ZnafqsuIW4,pm_1TGpnbLfpHJZVq4IWKjwz7Md
cus_TJevdVNVLgmIFi,card_1SOOVRG169MUOFIqhbTaK6VN,cus_TJevdVNVLgmIFi,card_1TGpnaLfpHJZVq4IeATscLZC
cus_Tg1p1JcKXWzV9d,pm_1SifnMG169MUOFIqccvhUVjv,cus_Tg1p1JcKXWzV9d,pm_1TGpnZLfpHJZVq4IHzR1tnrv
cus_Tg0SSkJAdXphHy,pm_1SieSXG169MUOFIqR8WYQdZ0,cus_Tg0SSkJAdXphHy,pm_1TGpnYLfpHJZVq4I13AhGVmL
cus_TMHy739B3cjJhW,pm_1SPZPVG169MUOFIqtXmFTIl8,cus_TMHy739B3cjJhW,pm_1TGpnYLfpHJZVq4Iy6k0qHWw
cus_TdYfbMisTs6F4Z,card_1SgHXyG169MUOFIqRX1TvIu1,cus_TdYfbMisTs6F4Z,card_1TGpnXLfpHJZVq4INmidoePN
cus_TMk6umVTcQHqil,pm_1SQ0diG169MUOFIqUBLwY3GL,cus_TMk6umVTcQHqil,pm_1TGpnWLfpHJZVq4IBMedDCmA
cus_U5VKqqHm0l1a7w,card_1T852lG169MUOFIq3fUJCRsN,cus_U5VKqqHm0l1a7w,card_1TGpnWLfpHJZVq4IOMeaJMkZ
cus_TkHo0MxB4ZsWw4,card_1SmnEiG169MUOFIqUCCzUCIu,cus_TkHo0MxB4ZsWw4,card_1TGpnVLfpHJZVq4IAggnssGy
cus_TgQcbio2qWf8AK,pm_1Sj3lXG169MUOFIqjACmSBmN,cus_TgQcbio2qWf8AK,pm_1TGpnULfpHJZVq4IFsRCb7if
cus_Tb9jNJpKpVDaNu,pm_1SdxQQG169MUOFIq31cejkuY,cus_Tb9jNJpKpVDaNu,pm_1TGpnTLfpHJZVq4ItZVYFbkk
cus_TUnvjWicIgOS3D,pm_1SXoJsG169MUOFIqw9EI7iGO,cus_TUnvjWicIgOS3D,pm_1TGpnTLfpHJZVq4IzmSurOs3
cus_TJer7ZZmlOeFYU,card_1SN1XhG169MUOFIq6Iv6YInY,cus_TJer7ZZmlOeFYU,card_1TGpnSLfpHJZVq4IKl4cscvW
cus_TQQgLDDUAIXXxj,card_1STZpIG169MUOFIqWSS5Ijeg,cus_TQQgLDDUAIXXxj,card_1TGpnRLfpHJZVq4IulWtx1rD
cus_TMyYaZrcLMqDHK,card_1SQEb2G169MUOFIqdc0h2EBV,cus_TMyYaZrcLMqDHK,card_1TGpnRLfpHJZVq4I3RVQ0AOW
cus_U9zTtuowSIbGnk,pm_1TBfW4G169MUOFIqGZ70BDxf,cus_U9zTtuowSIbGnk,pm_1TGpnQLfpHJZVq4I03ycVz6K
cus_TtHXdNaQMiwsxx,pm_1SvUyqG169MUOFIqkgKRK3Zw,cus_TtHXdNaQMiwsxx,pm_1TGpnPLfpHJZVq4IfYDcX0o7
cus_TWNFe3k9EjU1W0,card_1SZKUoG169MUOFIqRqVXfGl8,cus_TWNFe3k9EjU1W0,card_1TGpnOLfpHJZVq4IfJuAZbH9
cus_TJa7juyUSg7wC2,pm_1SMwzZG169MUOFIqCRamC34u,cus_TJa7juyUSg7wC2,pm_1TGpnOLfpHJZVq4I2rlBXre7
cus_TwCIaDVkSh37JK,,cus_TwCIaDVkSh37JK,
cus_U7Ut3Jp8BKGY4c,,cus_U7Ut3Jp8BKGY4c,
cus_U2TX3jsvc8THah,pm_1T4ObEG169MUOFIqchi12a5I,cus_U2TX3jsvc8THah,pm_1TGpnMLfpHJZVq4IgaAkuc3G
cus_Tdu8o0M2SERN88,,cus_Tdu8o0M2SERN88,
cus_TMBnSznqI392IN,,cus_TMBnSznqI392IN,
cus_TOt4oUpjshLXIy,,cus_TOt4oUpjshLXIy,
cus_TdRzTHqH6ov6Vu,,cus_TdRzTHqH6ov6Vu,
cus_Tcg78QY5w6d0m4,,cus_Tcg78QY5w6d0m4,
cus_TqHqsDuGwYxgaw,,cus_TqHqsDuGwYxgaw,
cus_ThHV3bgvavE2xe,,cus_ThHV3bgvavE2xe,
cus_TbzydGbEb1u876,,cus_TbzydGbEb1u876,
cus_Ta29vYNt5Te3w2,,cus_Ta29vYNt5Te3w2,
cus_U8XxfV5l6YcTuv,,cus_U8XxfV5l6YcTuv,
cus_U8CGzYxcpz7gVt,,cus_U8CGzYxcpz7gVt,
cus_TKJqZoClZKauGz,,cus_TKJqZoClZKauGz,
cus_U2HMgFOFwYfjSW,,cus_U2HMgFOFwYfjSW,
cus_TwDNXvnZ1McwgM,,cus_TwDNXvnZ1McwgM,
cus_TstwYnGse3lO9q,,cus_TstwYnGse3lO9q,
cus_TdXNm3eJk7lijQ,,cus_TdXNm3eJk7lijQ,
cus_TXov1X0FjCNBU1,,cus_TXov1X0FjCNBU1,
cus_UAQrlBtOzsaulu,,cus_UAQrlBtOzsaulu,
cus_Td6cvAkQ0xqQgj,,cus_Td6cvAkQ0xqQgj,
cus_Tczc77pd7l5Ay4,,cus_Tczc77pd7l5Ay4,
cus_U42EFS9jvZb2qj,card_1T5uALG169MUOFIqQlaWSiU4,cus_U42EFS9jvZb2qj,card_1TGpnBLfpHJZVq4I7qrGM5h6
cus_TOqh2L0mseNObn,card_1SsriEG169MUOFIqWu5nztWF,cus_TOqh2L0mseNObn,card_1TGpnALfpHJZVq4IHxAHNyeb
cus_TmRR75IBDTbMSw,card_1SqLc4G169MUOFIq9T8wheFf,cus_TmRR75IBDTbMSw,card_1TGpn9LfpHJZVq4IQSEFjhHz
cus_TJem6sgtflxosb,pm_1SN1T3G169MUOFIqpwKBiQq0,cus_TJem6sgtflxosb,pm_1TGpn9LfpHJZVq4I4DICPlO5
cus_UDsBSV9fB3fymQ,pm_1TFmeLG169MUOFIqpWcR2WZn,cus_UDsBSV9fB3fymQ,pm_1TGpn8LfpHJZVq4IPZzYXCkN
cus_TauJGWSyTykboI,card_1SdiVCG169MUOFIq0yNeYTQc,cus_TauJGWSyTykboI,card_1TGpn7LfpHJZVq4IwVgAtikF
cus_TWfwkic9qQ5URW,pm_1SZcaiG169MUOFIqgNEn6W78,cus_TWfwkic9qQ5URW,pm_1TGpn6LfpHJZVq4IYr6HPGIn
cus_TqbvOzWOkNaIci,card_1T9ZrpG169MUOFIqoeNXzRpB,cus_TqbvOzWOkNaIci,card_1TGpn6LfpHJZVq4IVpp5ukiW
cus_U6xMq5GWkm1KC9,pm_1T8jSaG169MUOFIqkj8v54H2,cus_U6xMq5GWkm1KC9,pm_1TGpn5LfpHJZVq4IFcsOgsZR
cus_Ta4fVOpa2tcGy6,pm_1ScuWaG169MUOFIq2IVqoZhc,cus_Ta4fVOpa2tcGy6,pm_1TGpn4LfpHJZVq4IJ0zUwVjX
cus_TORIIQnpFActgE,card_1SRePmG169MUOFIqjk9pOlrC,cus_TORIIQnpFActgE,card_1TGpn3LfpHJZVq4IBk96BTBW
cus_UA1Jd3B78l63DY,card_1TBhGqG169MUOFIqFcWAdCF0,cus_UA1Jd3B78l63DY,card_1TGpn3LfpHJZVq4IyxcdrxRZ
cus_TzWaGUBAyqOFHh,pm_1T1XY9G169MUOFIqiA0rDhHE,cus_TzWaGUBAyqOFHh,pm_1TGpn2LfpHJZVq4IYYooXyRR
cus_Tsq226yZlQ9S3z,card_1Sv4NtG169MUOFIqzxFMaNv5,cus_Tsq226yZlQ9S3z,card_1TGpn1LfpHJZVq4IOnoCwDdO
cus_Tm3PcLJubqSe5Y,pm_1SoVK9G169MUOFIqrA09OcWP,cus_Tm3PcLJubqSe5Y,pm_1TGpn1LfpHJZVq4IEWpTsQja
cus_TZJzG4RqqWQBeO,card_1ScBL9G169MUOFIqGt3Hna0U,cus_TZJzG4RqqWQBeO,card_1TGpn0LfpHJZVq4IVktxuS2s
cus_TTSaPmGtUncwF2,pm_1SWVfyG169MUOFIq5yNQcDFQ,cus_TTSaPmGtUncwF2,pm_1TGpmzLfpHJZVq4IwzstRZak
cus_TQO1mFcocmJh4j,pm_1STXGcG169MUOFIq6rkSTAKk,cus_TQO1mFcocmJh4j,pm_1TGpmyLfpHJZVq4IwpJCl96J
cus_TPKWHzd4p2P5xC,pm_1SSVsUG169MUOFIq301RKj8y,cus_TPKWHzd4p2P5xC,pm_1TGpmyLfpHJZVq4IG14G01rI
cus_TMGHY0WGnADZQ2,pm_1SPXmjG169MUOFIqxcV9PMom,cus_TMGHY0WGnADZQ2,pm_1TGpmxLfpHJZVq4I9rx2ugdv
cus_TLm77E1GRfVj4P,pm_1SP4akG169MUOFIq4rOPi817,cus_TLm77E1GRfVj4P,pm_1TGpmwLfpHJZVq4IkHn6dJe5
cus_TjsVwGRwiAA7J0,card_1SmOkTG169MUOFIq2YRqxQ9m,cus_TjsVwGRwiAA7J0,card_1TGpmvLfpHJZVq4Ijgbr9hfP
cus_TT58hLYwA5J4XX,pm_1SW9jOG169MUOFIqEULN09vf,cus_TT58hLYwA5J4XX,pm_1TGpmvLfpHJZVq4IDnbxQonG
cus_TOSqOIKKgEHju7,card_1SRfx4G169MUOFIqg0grs2nf,cus_TOSqOIKKgEHju7,card_1TGpmtLfpHJZVq4IOZhRDpSe
cus_TLnd7MUquO1zI6,card_1SP622G169MUOFIqIJ3eRuH3,cus_TLnd7MUquO1zI6,card_1TGpmsLfpHJZVq4Id2kpSFQ8
cus_TLC1fjzCHmqwHo,card_1SOVd0G169MUOFIqKJtotzcp,cus_TLC1fjzCHmqwHo,card_1TGpmsLfpHJZVq4Ie1eAquJX
cus_TH3SHke6Gv3GiL,pm_1SKVMPG169MUOFIqwT4IyJvD,cus_TH3SHke6Gv3GiL,pm_1TGpmrLfpHJZVq4IJwgfSohR
cus_Tv0cScBWzHhTzK,pm_1SxAdYG169MUOFIqbFhaMuNZ,cus_Tv0cScBWzHhTzK,pm_1TGpmqLfpHJZVq4I4kz09IFp
cus_TqHXtdIciI7Pmf,card_1SsaylG169MUOFIqZTyLdsbi,cus_TqHXtdIciI7Pmf,card_1TGpmpLfpHJZVq4IC72BrJHR
cus_TmX6D0IRBYIElZ,card_1Soy2kG169MUOFIqVVpUDIC4,cus_TmX6D0IRBYIElZ,card_1TGpmpLfpHJZVq4ITSycXIfU
cus_Tcfx0YTBJI34mu,card_1SfQbeG169MUOFIqhNICB3Ay,cus_Tcfx0YTBJI34mu,card_1TGpmoLfpHJZVq4Ik1QZybuS
cus_TZQrMB1UgYrZj7,pm_1ScI05G169MUOFIqlk0ziUpc,cus_TZQrMB1UgYrZj7,pm_1TGpmoLfpHJZVq4IZ4fzZcV7
cus_TVyw8AihDmtRNc,card_1SYwyGG169MUOFIqFZMUXyCb,cus_TVyw8AihDmtRNc,card_1TGpmnLfpHJZVq4INjmydfkX
cus_TUsiUTUvX4oYjr,card_1SXsx3G169MUOFIqpZTQbFHV,cus_TUsiUTUvX4oYjr,card_1TGpmmLfpHJZVq4IZxp5N6YM
cus_TMkDqgLRC1AEkJ,pm_1SQ0jqG169MUOFIqx8C8Afzt,cus_TMkDqgLRC1AEkJ,pm_1TGpmmLfpHJZVq4I33NR15tx
cus_TJa4u7HBLc0ByS,pm_1SMwuoG169MUOFIqDe0Lf2jJ,cus_TJa4u7HBLc0ByS,pm_1TGpmlLfpHJZVq4IHBb0aq0d
cus_U9N1pwD2FFLghH,pm_1TB4JsG169MUOFIqXjMMSMZ1,cus_U9N1pwD2FFLghH,pm_1TGpmkLfpHJZVq4IWjQrgQqH
cus_U7TgdmlQqR6MLy,pm_1T9El5G169MUOFIqtTkRNmu5,cus_U7TgdmlQqR6MLy,pm_1TGpmjLfpHJZVq4IFuMMNzaE
cus_TqrmARRx0biG8A,pm_1StA3kG169MUOFIqnkl8uShW,cus_TqrmARRx0biG8A,pm_1TGpmhLfpHJZVq4ICru2LYyq
cus_TSEonthSho9heZ,card_1SnWNlG169MUOFIqc3AD5wfA,cus_TSEonthSho9heZ,card_1TGpmcLfpHJZVq4I2IxklPL9
cus_TjsOHJyN6AKq6Z,card_1SmOe4G169MUOFIqxnaucQVH,cus_TjsOHJyN6AKq6Z,card_1TGpmbLfpHJZVq4I8JJGrLvz
cus_TUsko4B4BQH9JI,card_1SXsycG169MUOFIqQHLNLb2T,cus_TUsko4B4BQH9JI,card_1TGpmaLfpHJZVq4IxJWaWj03
cus_TvP9Ndkl949xJo,card_1TAIXOG169MUOFIq7dL0Ym3i,cus_TvP9Ndkl949xJo,card_1TGpmaLfpHJZVq4I0v0EVfzk
cus_TKin5tj0FBaYgI,card_1SO3LaG169MUOFIqztYZWaLM,cus_TKin5tj0FBaYgI,card_1TGpmYLfpHJZVq4I9BE1yLrd
